Episode,Total_Reward,Mean_Reward,Episode_Length
1,-272.4221297910335,-45.403688298505585,500
2,-662.3617965365993,-110.39363275609988,500
