Episode,Total_Reward,Mean_Reward,Episode_Length
1,-390.62866587977624,-65.10477764662937,500
