Episode,Total_Reward,Mean_Reward,Episode_Length
1,-238.98399353318382,-39.83066558886397,500
2,-352.6906254528003,-58.78177090880005,500
3,-368.19186039527995,-61.36531006587999,500
4,-442.2766664646624,-73.7127777441104,500
5,-489.1466790649574,-81.52444651082624,500
6,-233.15625018772698,-38.85937503128783,500
7,-103.52092999864544,-17.253488333107573,500
8,-29.29911096196156,-4.883185160326927,500
9,-30.924425435252488,-5.154070905875415,500
