Episode,Total_Reward,Mean_Reward,Episode_Length,Episode_Duration_Sec,Reward_Min,Reward_Max,Reward_Std,Reward_P25,Reward_P50,Reward_P75
1,-611.5816191267113,-305.79080956335565,500,4.048653602600098,-314.9423683108362,-296.63925081587513,9.151558747480522,-310.3665889370959,-305.79080956335565,-301.2150301896154
2,-507.3005096977686,-253.6502548488843,500,3.0178229808807373,-275.91747849577223,-231.38303120199635,22.267223646887942,-264.78386667232826,-253.6502548488843,-242.51664302544032
3,-487.1486374789911,-243.57431873949554,500,3.1210544109344482,-254.55652945485417,-232.5921080241369,10.982210715358633,-249.06542409717485,-243.57431873949554,-238.08321338181622
4,-441.7500605994719,-220.87503029973595,500,3.0970325469970703,-229.93510852381587,-211.81495207565604,9.060078224079916,-225.4050694117759,-220.87503029973595,-216.344991187696
5,-485.8548715778961,-242.92743578894806,500,2.9878501892089844,-256.6807880281922,-229.17408354970394,13.753352239244123,-249.80411190857012,-242.92743578894806,-236.050759669326
6,-392.1537751658834,-196.0768875829417,500,3.1446194648742676,-210.47324023859983,-181.6805349272836,14.39635265565812,-203.27506391077077,-196.0768875829417,-188.87871125511265
7,-431.2582895238586,-215.6291447619293,500,3.0371992588043213,-227.07150796209135,-204.18678156176728,11.442363200162035,-221.35032636201032,-215.6291447619293,-209.9079631618483
8,-506.7023702726797,-253.35118513633984,500,3.023282051086426,-263.24200324709204,-243.46036702558763,9.890818110752207,-258.29659419171594,-253.35118513633984,-248.40577608096373
9,-439.4201567582131,-219.71007837910656,500,2.9875576496124268,-234.3274062972996,-205.09275046091352,14.617327918193041,-227.01874233820308,-219.71007837910656,-212.40141442001004
