Episode,Total_Reward,Mean_Reward,Episode_Length,Episode_Duration_Sec
1,-457.7612069009283,-76.29353448348805,500,7.416454792022705
2,-503.567388639417,-83.9278981065695,500,6.205633878707886
3,-210.07678553955543,-35.0127975899259,500,6.718127965927124
