Episode,Total_Reward,Mean_Reward,Episode_Length,Episode_Duration_Sec
1,-196.73346066785194,-32.78891011130866,500,15.915616035461426
